id,event_id,created_at,updated_at
78c8fbd8-1bc6-4180-8587-e12996989e64,3d3b8134-9d02-4180-ab51-d6cd236df1e2,2025-03-19,2025-03-19
f0d8a87d-cf02-4f6b-a596-777792c55cf9,3d3b8134-9d02-4180-ab51-d6cd236df1e2,2025-03-21,2025-03-21
c2c2943e-ffa2-42e2-a7f2-8d3fa919293b,3d3b8134-9d02-4180-ab51-d6cd236df1e2,2025-03-21,2025-03-21
7dd2a2d4-d52e-450a-a3db-9eb974e7a105,3d3b8134-9d02-4180-ab51-d6cd236df1e2,2025-03-21,2025-03-21
d3701ac2-813f-400b-a9ea-29a215e5efff,3d3b8134-9d02-4180-ab51-d6cd236df1e2,2025-03-21,2025-03-21
2418f688-547b-4f13-bffa-49af3b696928,3d3b8134-9d02-4180-ab51-d6cd236df1e2,2025-03-21,2025-03-21
64e78250-67ef-4295-9f17-6bfb4f740cdb,3d3b8134-9d02-4180-ab51-d6cd236df1e2,2025-03-21,2025-03-21
26c03b35-0ffa-47f2-9536-1be9ab9b963b,3d3b8134-9d02-4180-ab51-d6cd236df1e2,2025-03-21,2025-03-21
eda75a19-b46e-4cdd-888d-5d99c5fb5f06,3d3b8134-9d02-4180-ab51-d6cd236df1e2,2025-03-21,2025-03-21
f19a63e5-88ac-4b15-9126-7780cc8067ac,3d3b8134-9d02-4180-ab51-d6cd236df1e2,2025-03-21,2025-03-21
08933715-a882-4151-aaf0-8bd9d008f622,3d3b8134-9d02-4180-ab51-d6cd236df1e2,2025-03-21,2025-03-21
826d4c93-25b6-435f-bd85-729083f18611,3d3b8134-9d02-4180-ab51-d6cd236df1e2,2025-03-21,2025-03-21
fb7b219a-4cd2-4a2a-89ff-007cbfb4f0e2,3d3b8134-9d02-4180-ab51-d6cd236df1e2,2025-03-21,2025-03-21
36101eac-197a-451a-bcce-aa7607248a2c,3d3b8134-9d02-4180-ab51-d6cd236df1e2,2025-03-21,2025-03-21
d05ba9c2-68d1-4738-b97d-519d57126855,3d3b8134-9d02-4180-ab51-d6cd236df1e2,2025-03-21,2025-03-21
c4fe8a3c-6067-4184-8670-680ccb7ebcfe,3d3b8134-9d02-4180-ab51-d6cd236df1e2,2025-03-21,2025-03-21
d23c3e3b-69ed-4677-916f-0013af1dd556,3d3b8134-9d02-4180-ab51-d6cd236df1e2,2025-03-21,2025-03-21
02a104e7-d4f0-42fe-b6a7-14209b90c924,3d3b8134-9d02-4180-ab51-d6cd236df1e2,2025-03-21,2025-03-21
1c218084-575e-4d5d-8c08-608d1f1a40c6,3d3b8134-9d02-4180-ab51-d6cd236df1e2,2025-03-21,2025-03-21
912cdd25-8a77-4744-ae0c-7f1bd5f2b9e6,3d3b8134-9d02-4180-ab51-d6cd236df1e2,2025-03-21,2025-03-21
f3265390-c26b-4c9b-91dd-0159fb279880,3d3b8134-9d02-4180-ab51-d6cd236df1e2,2025-03-21,2025-03-21
f7e8ab57-c714-4aa0-8d84-48d8fe49b846,3d3b8134-9d02-4180-ab51-d6cd236df1e2,2025-03-21,2025-03-21
f56c523b-4db9-42bd-9341-0eb6f2cc5b81,3d3b8134-9d02-4180-ab51-d6cd236df1e2,2025-03-21,2025-03-21
11824b45-0485-4f65-bb73-e03034838df8,3d3b8134-9d02-4180-ab51-d6cd236df1e2,2025-03-21,2025-03-21
bdb12e39-9159-4f7e-a91e-f76a0b05e6fa,3d3b8134-9d02-4180-ab51-d6cd236df1e2,2025-03-21,2025-03-21
b2747bd1-42e0-40ea-90b5-ea7dd53797bc,3d3b8134-9d02-4180-ab51-d6cd236df1e2,2025-03-21,2025-03-21
e1d6c164-7a09-47cf-8e80-809e732abb8e,3d3b8134-9d02-4180-ab51-d6cd236df1e2,2025-03-21,2025-03-21
f14e0e16-51f5-49a4-b827-51d8db1059a3,3d3b8134-9d02-4180-ab51-d6cd236df1e2,2025-03-21,2025-03-21
bd59ad20-c551-4bc9-808d-c56fa906a8b6,3d3b8134-9d02-4180-ab51-d6cd236df1e2,2025-03-21,2025-03-21
185398e9-0eef-4493-8300-09696981225f,3d3b8134-9d02-4180-ab51-d6cd236df1e2,2025-03-21,2025-03-21
8c5cf8ed-62c6-4db5-9bb3-1f03bef32437,3d3b8134-9d02-4180-ab51-d6cd236df1e2,2025-03-21,2025-03-21
864fb6e6-23cf-4ca6-ad31-572bfff2228f,3d3b8134-9d02-4180-ab51-d6cd236df1e2,2025-03-21,2025-03-21
b0e51222-ae67-484f-be34-c049df7e6995,3d3b8134-9d02-4180-ab51-d6cd236df1e2,2025-03-21,2025-03-21
c4e29bd9-9ec1-4d2e-9f23-c4830030862c,3d3b8134-9d02-4180-ab51-d6cd236df1e2,2025-03-21,2025-03-21
ea25218a-b40c-4404-aa54-ce0c657e604c,3d3b8134-9d02-4180-ab51-d6cd236df1e2,2025-03-21,2025-03-21
04a92e3c-51ac-4e69-a545-79c9024ca257,3d3b8134-9d02-4180-ab51-d6cd236df1e2,2025-03-21,2025-03-21
7e61adf9-9991-4a49-8e59-78a48af4d456,3d3b8134-9d02-4180-ab51-d6cd236df1e2,2025-03-21,2025-03-21
1c460664-0bcb-4094-a498-bd58f50c7863,3d3b8134-9d02-4180-ab51-d6cd236df1e2,2025-03-21,2025-03-21
fad0021d-567a-433a-940f-204767f1fef8,3d3b8134-9d02-4180-ab51-d6cd236df1e2,2025-03-21,2025-03-21
428c91fc-3e3f-44ee-91ce-524efe65cb92,3d3b8134-9d02-4180-ab51-d6cd236df1e2,2025-03-21,2025-03-21
9e585174-87b0-4077-8285-4373a5245cd5,3d3b8134-9d02-4180-ab51-d6cd236df1e2,2025-03-21,2025-03-21
f8371d7a-ac70-4640-a522-4a49ad9b8e55,3d3b8134-9d02-4180-ab51-d6cd236df1e2,2025-03-21,2025-03-21
3efeca2b-4666-4f1c-b18c-c3787c3c882e,3d3b8134-9d02-4180-ab51-d6cd236df1e2,2025-03-21,2025-03-21
13cfb32e-a0a3-4b6c-8cee-e8653cc04cd5,3d3b8134-9d02-4180-ab51-d6cd236df1e2,2025-03-21,2025-03-21
32a27212-098f-49ee-bd6f-e97ed8439d87,3d3b8134-9d02-4180-ab51-d6cd236df1e2,2025-03-21,2025-03-21
e981adf9-f2bd-48ac-9ffd-085f6332953c,3d3b8134-9d02-4180-ab51-d6cd236df1e2,2025-03-21,2025-03-21
7c696a59-7d40-41c3-aaff-4f181d93fee0,3d3b8134-9d02-4180-ab51-d6cd236df1e2,2025-03-21,2025-03-21
da0a2b62-0ccc-43b5-b205-102dd1a02ab0,3d3b8134-9d02-4180-ab51-d6cd236df1e2,2025-03-21,2025-03-21
cb06df98-9d03-4481-beea-a9d9de2b23de,3d3b8134-9d02-4180-ab51-d6cd236df1e2,2025-03-21,2025-03-21
51db5988-52b3-4820-a97a-400a9c594c58,3d3b8134-9d02-4180-ab51-d6cd236df1e2,2025-03-21,2025-03-21
639aa4bf-7466-487e-9cdb-d23ae9b6a73d,3d3b8134-9d02-4180-ab51-d6cd236df1e2,2025-03-21,2025-03-21
0b3e01ed-3c71-4168-97e2-09881c14c0ff,3d3b8134-9d02-4180-ab51-d6cd236df1e2,2025-03-21,2025-03-21
1d34e871-b123-4948-a12f-c48ea00ee2e6,3d3b8134-9d02-4180-ab51-d6cd236df1e2,2025-03-21,2025-03-21
8f9b56a3-7c57-4faf-874b-4fd7d6fff78a,3d3b8134-9d02-4180-ab51-d6cd236df1e2,2025-03-21,2025-03-21
61905304-8d23-493a-a40f-01374f9802d5,3d3b8134-9d02-4180-ab51-d6cd236df1e2,2025-03-21,2025-03-21
1448c156-dc79-469b-9926-99d8fbe1428f,3d3b8134-9d02-4180-ab51-d6cd236df1e2,2025-03-21,2025-03-21
09f52777-d937-47a6-bcaa-b71a1e008b98,3d3b8134-9d02-4180-ab51-d6cd236df1e2,2025-03-21,2025-03-21
0605fa29-420d-47fb-be16-7c09ea738218,3d3b8134-9d02-4180-ab51-d6cd236df1e2,2025-03-21,2025-03-21
fea87db6-8055-444e-9082-7b13deb6f063,3d3b8134-9d02-4180-ab51-d6cd236df1e2,2025-03-21,2025-03-21
567d75cf-b806-4381-a944-9bb9522f2544,3d3b8134-9d02-4180-ab51-d6cd236df1e2,2025-03-21,2025-03-21
7425288e-bdd9-4c9c-b120-705c2a524d02,3d3b8134-9d02-4180-ab51-d6cd236df1e2,2025-03-21,2025-03-21
4863a355-8b16-4194-aeae-568df2c8b9d3,3d3b8134-9d02-4180-ab51-d6cd236df1e2,2025-03-21,2025-03-21
cab9e7fe-b601-4434-822d-443b9e41749c,3d3b8134-9d02-4180-ab51-d6cd236df1e2,2025-03-21,2025-03-21
74a1e678-ff98-4666-8bf6-c569f1c3057d,3d3b8134-9d02-4180-ab51-d6cd236df1e2,2025-03-21,2025-03-21
e72743c2-d625-4ee8-806e-48b14633808a,3d3b8134-9d02-4180-ab51-d6cd236df1e2,2025-03-21,2025-03-21
9db04aba-f386-4416-859c-f686133bf1be,3d3b8134-9d02-4180-ab51-d6cd236df1e2,2025-03-21,2025-03-21
b34e8ccb-29b0-4c62-a2a8-52727a2baea3,3d3b8134-9d02-4180-ab51-d6cd236df1e2,2025-03-21,2025-03-21
34ce41d8-f1bd-4d1b-8a79-d408378df52a,3d3b8134-9d02-4180-ab51-d6cd236df1e2,2025-03-21,2025-03-21
a2735de5-f2d3-4a31-9835-3ba159d59424,3d3b8134-9d02-4180-ab51-d6cd236df1e2,2025-03-21,2025-03-21
a876b2c7-125d-4dcc-8455-10d2a7b48eca,3d3b8134-9d02-4180-ab51-d6cd236df1e2,2025-03-21,2025-03-21
4a515e6d-c1e2-482b-af57-aeae22407f3a,3d3b8134-9d02-4180-ab51-d6cd236df1e2,2025-03-21,2025-03-21
f3a7baf0-5d05-4e26-9ca0-0ccd66bebb04,3d3b8134-9d02-4180-ab51-d6cd236df1e2,2025-03-21,2025-03-21
7bda1216-750f-4550-b991-c2214dda4d02,3d3b8134-9d02-4180-ab51-d6cd236df1e2,2025-03-21,2025-03-21
965adc77-62c0-477c-b0cd-1c38f57df91a,3d3b8134-9d02-4180-ab51-d6cd236df1e2,2025-03-21,2025-03-21
f4c2c488-e5e0-4bba-bd92-0894f3edc76c,3d3b8134-9d02-4180-ab51-d6cd236df1e2,2025-03-21,2025-03-21
4f6f879a-089e-48f2-b6a4-c8a1a32e11e6,3d3b8134-9d02-4180-ab51-d6cd236df1e2,2025-03-21,2025-03-21
35c8292d-1083-422a-b458-4b1170c80df6,3d3b8134-9d02-4180-ab51-d6cd236df1e2,2025-03-21,2025-03-21
740ab8cc-c022-4ec7-b14d-ece333aaad5e,3d3b8134-9d02-4180-ab51-d6cd236df1e2,2025-03-21,2025-03-21
1d164b4b-d319-47b4-887c-7d116aae9c95,3d3b8134-9d02-4180-ab51-d6cd236df1e2,2025-03-21,2025-03-21
52e8690c-07bf-4a0f-a361-b7bfbab117ab,3d3b8134-9d02-4180-ab51-d6cd236df1e2,2025-03-21,2025-03-21
f5845a38-5453-4e50-be5e-17a492c7528e,3d3b8134-9d02-4180-ab51-d6cd236df1e2,2025-03-21,2025-03-21
b7e34081-b258-48bd-b8fd-0d785a7f3b52,3d3b8134-9d02-4180-ab51-d6cd236df1e2,2025-03-21,2025-03-21
d6ab0cec-8932-4039-8e13-0785bb523ca4,3d3b8134-9d02-4180-ab51-d6cd236df1e2,2025-03-21,2025-03-21
bb18808e-11db-4cf5-924c-a948b0c40527,3d3b8134-9d02-4180-ab51-d6cd236df1e2,2025-03-21,2025-03-21
dc03ab70-8b67-4e28-990b-729cff0e2c60,3d3b8134-9d02-4180-ab51-d6cd236df1e2,2025-03-21,2025-03-21
1dd73947-acd1-45af-8e67-766a8912e114,3d3b8134-9d02-4180-ab51-d6cd236df1e2,2025-03-21,2025-03-21
ab752172-2110-4856-a5b8-944be13bda26,3d3b8134-9d02-4180-ab51-d6cd236df1e2,2025-03-21,2025-03-21
68315bac-e529-4743-80ce-51a131e7e8e8,3d3b8134-9d02-4180-ab51-d6cd236df1e2,2025-03-21,2025-03-21
22686327-4ac2-4ebb-bbbe-8afa15932610,3d3b8134-9d02-4180-ab51-d6cd236df1e2,2025-03-21,2025-03-21
e489f74c-0d6f-4325-b748-bea519d1eff4,3d3b8134-9d02-4180-ab51-d6cd236df1e2,2025-03-21,2025-03-21
279812d9-2c8c-4384-8001-335cb5d79584,3d3b8134-9d02-4180-ab51-d6cd236df1e2,2025-03-21,2025-03-21
cf44eaef-fcd2-4e09-999d-61d9593938a7,3d3b8134-9d02-4180-ab51-d6cd236df1e2,2025-03-21,2025-03-21
7f008f57-6f1c-41ce-8720-5de8ace9865c,3d3b8134-9d02-4180-ab51-d6cd236df1e2,2025-03-21,2025-03-21
edff9f34-c4e9-4d2c-85c5-19695eec4e6a,3d3b8134-9d02-4180-ab51-d6cd236df1e2,2025-03-21,2025-03-21
5374fe72-9664-4516-9d28-17b25de1066b,3d3b8134-9d02-4180-ab51-d6cd236df1e2,2025-03-21,2025-03-21
07a06e4e-c68a-402e-8d65-c024d4b846f1,3d3b8134-9d02-4180-ab51-d6cd236df1e2,2025-03-21,2025-03-21
e34b1799-9cb9-4e08-bfa7-c744140a0f07,3d3b8134-9d02-4180-ab51-d6cd236df1e2,2025-03-21,2025-03-21
39694a32-3e54-4974-9fd0-85a9a20f8627,3d3b8134-9d02-4180-ab51-d6cd236df1e2,2025-03-21,2025-03-21
c0612801-1de2-4a75-a4ab-6587a66c8c8a,3d3b8134-9d02-4180-ab51-d6cd236df1e2,2025-03-21,2025-03-21
b7f7ef9b-2844-423c-b6d3-9fe95cfcb0b8,3d3b8134-9d02-4180-ab51-d6cd236df1e2,2025-03-21,2025-03-21
ccfbd2f4-1e97-4314-8095-0161bbb824e7,3d3b8134-9d02-4180-ab51-d6cd236df1e2,2025-03-21,2025-03-21
cf14b48c-f462-4c56-bf84-627bc15aee58,3d3b8134-9d02-4180-ab51-d6cd236df1e2,2025-03-21,2025-03-21
ad62eddc-7ee3-4a7a-b8af-4832545c11c9,3d3b8134-9d02-4180-ab51-d6cd236df1e2,2025-03-21,2025-03-21
03a42b6a-2843-486e-8777-ca9282ac8ded,3d3b8134-9d02-4180-ab51-d6cd236df1e2,2025-03-21,2025-03-21
0740feaa-053e-490f-b70d-e599abab264b,3d3b8134-9d02-4180-ab51-d6cd236df1e2,2025-03-21,2025-03-21
4c445d76-58e0-4ed4-98ca-c0182d209e68,3d3b8134-9d02-4180-ab51-d6cd236df1e2,2025-03-21,2025-03-21
c625da79-cbdd-4487-beb3-062a4e396fee,3d3b8134-9d02-4180-ab51-d6cd236df1e2,2025-03-21,2025-03-21
4544507d-3b73-45f2-86e4-dd2057bc6cdd,3d3b8134-9d02-4180-ab51-d6cd236df1e2,2025-03-21,2025-03-21
0133a0c8-f973-4c81-b576-de31f7f88885,3d3b8134-9d02-4180-ab51-d6cd236df1e2,2025-03-21,2025-03-21
1bb64f97-2b1a-444b-b776-05c00ca2b429,3d3b8134-9d02-4180-ab51-d6cd236df1e2,2025-03-21,2025-03-21
5f14367f-3432-47bb-b4f5-ed25efcade94,3d3b8134-9d02-4180-ab51-d6cd236df1e2,2025-03-21,2025-03-21
f19b23ad-1e7d-45c8-b49e-593a29f61f81,3d3b8134-9d02-4180-ab51-d6cd236df1e2,2025-03-21,2025-03-21
f687ef00-55f1-436e-8ad4-cf2de0ea32fe,3d3b8134-9d02-4180-ab51-d6cd236df1e2,2025-03-21,2025-03-21
c5fa8795-e743-473f-8f48-528705ad474e,3d3b8134-9d02-4180-ab51-d6cd236df1e2,2025-03-21,2025-03-21
493696f0-7ada-4758-b908-66b0a718fd1f,3d3b8134-9d02-4180-ab51-d6cd236df1e2,2025-03-21,2025-03-21
f918041e-03be-4f54-85fe-ee214cd83073,3d3b8134-9d02-4180-ab51-d6cd236df1e2,2025-03-21,2025-03-21
78d06165-0545-4e59-898f-e1ebfaf25edd,3d3b8134-9d02-4180-ab51-d6cd236df1e2,2025-03-21,2025-03-21
356c2aa6-dae3-4ea4-8484-7ff84dc93721,3d3b8134-9d02-4180-ab51-d6cd236df1e2,2025-03-21,2025-03-21
b05740ad-fcb6-441c-aa9b-a64882dd10ec,3d3b8134-9d02-4180-ab51-d6cd236df1e2,2025-03-21,2025-03-21
dfbf67c8-3c4c-411d-a7c8-d7cc158c6377,3d3b8134-9d02-4180-ab51-d6cd236df1e2,2025-03-21,2025-03-21
6f0b296e-9cc3-4afe-9552-13f0d45c450c,3d3b8134-9d02-4180-ab51-d6cd236df1e2,2025-03-21,2025-03-21
d5979122-b968-426b-9f35-70e040770960,3d3b8134-9d02-4180-ab51-d6cd236df1e2,2025-03-21,2025-03-21
41a5e29f-a12f-47fa-9fea-dde5f3e1e2c6,3d3b8134-9d02-4180-ab51-d6cd236df1e2,2025-03-21,2025-03-21
0b9bdd25-0572-4625-8bab-3f33fc671dbc,3d3b8134-9d02-4180-ab51-d6cd236df1e2,2025-03-21,2025-03-21
fbc5202c-1dd9-4878-b8cd-26df51e4424b,3d3b8134-9d02-4180-ab51-d6cd236df1e2,2025-03-21,2025-03-21
c6ad16f7-9ab1-43fd-9954-b1c6b16e2bec,3d3b8134-9d02-4180-ab51-d6cd236df1e2,2025-03-21,2025-03-21
5a54c572-fd44-4814-9072-9172d5ba0fd8,3d3b8134-9d02-4180-ab51-d6cd236df1e2,2025-03-21,2025-03-21
a7ca883b-cd62-492e-9e07-3209ab76ac86,3d3b8134-9d02-4180-ab51-d6cd236df1e2,2025-03-21,2025-03-21
535fd2cd-54c3-43ff-acc7-1e9e9c6c341f,3d3b8134-9d02-4180-ab51-d6cd236df1e2,2025-03-21,2025-03-21
72742a00-3312-4dd0-ac76-7c8f11e446db,3d3b8134-9d02-4180-ab51-d6cd236df1e2,2025-03-21,2025-03-21
5ee5ead1-9a73-4227-8a51-d255bf721b62,3d3b8134-9d02-4180-ab51-d6cd236df1e2,2025-03-21,2025-03-21
94645638-acd6-43a2-86fe-d3fcc3272fd4,3d3b8134-9d02-4180-ab51-d6cd236df1e2,2025-03-21,2025-03-21
250f4252-57ff-47e5-9ab6-181abf6235a3,3d3b8134-9d02-4180-ab51-d6cd236df1e2,2025-03-21,2025-03-21
e58566ae-5bb8-4b61-b868-026d0dc309c5,3d3b8134-9d02-4180-ab51-d6cd236df1e2,2025-03-21,2025-03-21
b2f9f27c-bd79-4438-8ee6-92ed56f75010,3d3b8134-9d02-4180-ab51-d6cd236df1e2,2025-03-21,2025-03-21
e2050b3c-0dcc-40b1-b9da-731218c8abcd,3d3b8134-9d02-4180-ab51-d6cd236df1e2,2025-03-21,2025-03-21
fbc477e7-5972-40f3-b7b7-4bafeb3b1914,3d3b8134-9d02-4180-ab51-d6cd236df1e2,2025-03-21,2025-03-21
1078a281-a222-4de0-b179-71b0c15e4788,3d3b8134-9d02-4180-ab51-d6cd236df1e2,2025-03-21,2025-03-21
feb99914-2c40-49a3-8686-a06be70ec990,3d3b8134-9d02-4180-ab51-d6cd236df1e2,2025-03-21,2025-03-21
30a90d1d-226c-443b-ba36-7234d85e2961,3d3b8134-9d02-4180-ab51-d6cd236df1e2,2025-03-21,2025-03-21
87d58c34-38a5-4e9f-ad36-92dfbabfd592,3d3b8134-9d02-4180-ab51-d6cd236df1e2,2025-03-21,2025-03-21
7f7db300-e2b9-44b3-8ae8-9885bda06568,3d3b8134-9d02-4180-ab51-d6cd236df1e2,2025-03-21,2025-03-21
8c4fc9cd-1680-4688-9631-09f6abd36b2f,3d3b8134-9d02-4180-ab51-d6cd236df1e2,2025-03-21,2025-03-21
7ebd5369-fdd3-4b79-8e5b-691106328d19,3d3b8134-9d02-4180-ab51-d6cd236df1e2,2025-03-21,2025-03-21
82dc997d-3778-44ff-ad7e-04fb76a2b9f9,3d3b8134-9d02-4180-ab51-d6cd236df1e2,2025-03-21,2025-03-21
9e5428ed-aa3a-4d64-9784-f12810fafb03,3d3b8134-9d02-4180-ab51-d6cd236df1e2,2025-03-21,2025-03-21
1825b5ee-f309-4f7c-9903-b2e743bca7c4,3d3b8134-9d02-4180-ab51-d6cd236df1e2,2025-03-21,2025-03-21
4e18eec5-b863-42d7-aadd-813d139f7ebc,3d3b8134-9d02-4180-ab51-d6cd236df1e2,2025-03-21,2025-03-21
943dc821-7bb7-4918-8d97-45242343ed23,3d3b8134-9d02-4180-ab51-d6cd236df1e2,2025-03-21,2025-03-21
f184e48d-ba40-4a4c-b0b5-0151925e2e94,3d3b8134-9d02-4180-ab51-d6cd236df1e2,2025-03-21,2025-03-21
6223dbca-ea5a-4a38-807a-fc91196ed140,3d3b8134-9d02-4180-ab51-d6cd236df1e2,2025-03-21,2025-03-21
d79a7b40-a2cb-46e3-829e-62f26e1358c0,3d3b8134-9d02-4180-ab51-d6cd236df1e2,2025-03-21,2025-03-21
f044815c-afea-43c3-9eeb-dbb2e5b8df7f,3d3b8134-9d02-4180-ab51-d6cd236df1e2,2025-03-21,2025-03-21
c5a7792d-fcd4-4a71-8af3-aa6a48602d7e,3d3b8134-9d02-4180-ab51-d6cd236df1e2,2025-03-21,2025-03-21
07fa69eb-2722-4441-8b83-bb4c373a7479,3d3b8134-9d02-4180-ab51-d6cd236df1e2,2025-03-21,2025-03-21
3335d235-cb51-4ce5-bc41-8accaf26f0a7,3d3b8134-9d02-4180-ab51-d6cd236df1e2,2025-03-21,2025-03-21
28400af7-25df-4207-935f-7710d460d8d2,3d3b8134-9d02-4180-ab51-d6cd236df1e2,2025-03-21,2025-03-21
3bb1c73b-7827-4618-924f-41fb06017e4d,3d3b8134-9d02-4180-ab51-d6cd236df1e2,2025-03-21,2025-03-21
bf18a087-703e-47aa-8114-723e440957cc,3d3b8134-9d02-4180-ab51-d6cd236df1e2,2025-03-21,2025-03-21
6566456c-32d8-43f8-9f02-d8c816d5777e,3d3b8134-9d02-4180-ab51-d6cd236df1e2,2025-03-21,2025-03-21
c5c1ae6f-1d8b-435d-a7b3-33d17a8dafb2,3d3b8134-9d02-4180-ab51-d6cd236df1e2,2025-03-21,2025-03-21
d824a695-f132-4bf1-bc6f-e531085af344,3d3b8134-9d02-4180-ab51-d6cd236df1e2,2025-03-21,2025-03-21
d3a14327-3a8f-4603-9d23-6ac329176689,3d3b8134-9d02-4180-ab51-d6cd236df1e2,2025-03-21,2025-03-21
b498e2f3-16f7-4cb6-b3bf-abfb184d924f,3d3b8134-9d02-4180-ab51-d6cd236df1e2,2025-03-21,2025-03-21
47ab8ee7-03e7-4e35-a205-e12da6b737f5,3d3b8134-9d02-4180-ab51-d6cd236df1e2,2025-03-21,2025-03-21
c1f45c73-036f-400e-a837-965fe232b71b,3d3b8134-9d02-4180-ab51-d6cd236df1e2,2025-03-21,2025-03-21
33059f2a-d08f-446f-be12-3ba0760c36de,3d3b8134-9d02-4180-ab51-d6cd236df1e2,2025-03-21,2025-03-21
636def14-6da6-4fad-8d4e-99b2840e7dac,3d3b8134-9d02-4180-ab51-d6cd236df1e2,2025-03-21,2025-03-21
03f613c7-6486-4be5-afbd-5bc0d935bd12,3d3b8134-9d02-4180-ab51-d6cd236df1e2,2025-03-21,2025-03-21
8a2cc637-bdbd-440b-a3a8-58318bcba426,3d3b8134-9d02-4180-ab51-d6cd236df1e2,2025-03-21,2025-03-21
8406904a-7351-4a37-b26f-b0597a564b50,3d3b8134-9d02-4180-ab51-d6cd236df1e2,2025-03-21,2025-03-21
903e30c3-53d7-419f-9210-7a905172be07,3d3b8134-9d02-4180-ab51-d6cd236df1e2,2025-03-21,2025-03-21
a2f85702-40dc-4e40-baf3-89442fa0035a,3d3b8134-9d02-4180-ab51-d6cd236df1e2,2025-03-21,2025-03-21
d7998997-333b-49ac-9d52-cb604e95c3b5,3d3b8134-9d02-4180-ab51-d6cd236df1e2,2025-03-21,2025-03-21
9f803fe3-7b98-4983-8b37-2f60855952a4,3d3b8134-9d02-4180-ab51-d6cd236df1e2,2025-03-21,2025-03-21
f5297764-c67f-4dd0-9f38-4268563e4c18,3d3b8134-9d02-4180-ab51-d6cd236df1e2,2025-03-21,2025-03-21
714215cd-e8ca-443a-b354-d822f94ab4e4,3d3b8134-9d02-4180-ab51-d6cd236df1e2,2025-03-21,2025-03-21
85dadd1a-0de9-4e5d-aa22-196935ea6134,3d3b8134-9d02-4180-ab51-d6cd236df1e2,2025-03-21,2025-03-21
f7de0964-5f85-430d-9a01-e36512843e65,3d3b8134-9d02-4180-ab51-d6cd236df1e2,2025-03-21,2025-03-21
373b4710-7d2b-443d-880f-2adce75812ac,3d3b8134-9d02-4180-ab51-d6cd236df1e2,2025-03-21,2025-03-21
906d3fee-c1bc-41a7-ae3c-172fdbf624cf,3d3b8134-9d02-4180-ab51-d6cd236df1e2,2025-03-21,2025-03-21
fe822df6-4c15-4f1b-9121-d8f4bdf5b3a7,3d3b8134-9d02-4180-ab51-d6cd236df1e2,2025-03-21,2025-03-21
848caef2-42fa-4b6f-8925-d23753d83df9,3d3b8134-9d02-4180-ab51-d6cd236df1e2,2025-03-21,2025-03-21
cbece995-b7d5-465b-82cf-74b565945af9,3d3b8134-9d02-4180-ab51-d6cd236df1e2,2025-03-21,2025-03-21
acaa99ca-c7df-4cd6-b67c-46ba3ef5cbca,3d3b8134-9d02-4180-ab51-d6cd236df1e2,2025-03-21,2025-03-21
27b5c596-00b9-4fa7-9658-dcac7928624d,3d3b8134-9d02-4180-ab51-d6cd236df1e2,2025-03-21,2025-03-21
fe7a2fa3-be6c-4801-8b35-498ed69e87a0,3d3b8134-9d02-4180-ab51-d6cd236df1e2,2025-03-21,2025-03-21
778df4f2-a47f-4696-a2ee-aadcc61bf698,3d3b8134-9d02-4180-ab51-d6cd236df1e2,2025-03-21,2025-03-21
c0a8e849-9798-4bd6-97f0-15973a658f5a,3d3b8134-9d02-4180-ab51-d6cd236df1e2,2025-03-21,2025-03-21
fb881efa-0d48-49b2-967c-4212b7fba0e0,3d3b8134-9d02-4180-ab51-d6cd236df1e2,2025-03-21,2025-03-21
80b8bc95-34ae-40ac-8a03-b5af459b2479,3d3b8134-9d02-4180-ab51-d6cd236df1e2,2025-03-21,2025-03-21
d24f16ef-7079-4951-9477-0a2e912cf9d5,3d3b8134-9d02-4180-ab51-d6cd236df1e2,2025-03-21,2025-03-21
1e54a236-fabb-4d14-bbf4-e53560994508,3d3b8134-9d02-4180-ab51-d6cd236df1e2,2025-03-21,2025-03-21
4f0c2dd1-7f00-4d39-9eda-98a2893b26c4,3d3b8134-9d02-4180-ab51-d6cd236df1e2,2025-03-21,2025-03-21
419ed48b-e9d7-4a55-bacf-ce388a196393,3d3b8134-9d02-4180-ab51-d6cd236df1e2,2025-03-21,2025-03-21
3e7114a5-9f6e-4818-b7c3-3dda614cb03e,3d3b8134-9d02-4180-ab51-d6cd236df1e2,2025-03-21,2025-03-21
26833e15-2aa1-4e20-803d-b5badd20bc09,3d3b8134-9d02-4180-ab51-d6cd236df1e2,2025-03-21,2025-03-21
71b02f8c-a47a-4af7-a136-e08ea23e8eb5,3d3b8134-9d02-4180-ab51-d6cd236df1e2,2025-03-21,2025-03-21
b8d6b80a-0a5d-40fd-8399-38d2a5928ba5,3d3b8134-9d02-4180-ab51-d6cd236df1e2,2025-03-21,2025-03-21
77e07468-7911-42b3-b393-5df939a62122,3d3b8134-9d02-4180-ab51-d6cd236df1e2,2025-03-21,2025-03-21
74777778-dfa0-408a-ac98-68e6be194f41,3d3b8134-9d02-4180-ab51-d6cd236df1e2,2025-03-21,2025-03-21
1d99d5bf-acea-4059-bee9-cb3ad4f25a70,3d3b8134-9d02-4180-ab51-d6cd236df1e2,2025-03-21,2025-03-21
e3fb3ffb-a651-4272-958c-a0c220b20fe4,3d3b8134-9d02-4180-ab51-d6cd236df1e2,2025-03-21,2025-03-21
2b0bff6f-fd81-4797-8210-a99390f811f8,3d3b8134-9d02-4180-ab51-d6cd236df1e2,2025-03-21,2025-03-21
685891c8-5c23-4a86-8d0a-af65febf7c9f,3d3b8134-9d02-4180-ab51-d6cd236df1e2,2025-03-21,2025-03-21
18892806-c88a-4ade-ad07-eb698054931d,3d3b8134-9d02-4180-ab51-d6cd236df1e2,2025-03-21,2025-03-21
5a60c0b0-78a4-4c6f-91b1-42c2fc7b4837,3d3b8134-9d02-4180-ab51-d6cd236df1e2,2025-03-21,2025-03-21
464e914b-cf52-45cb-a79f-a43664ad8cb2,3d3b8134-9d02-4180-ab51-d6cd236df1e2,2025-03-21,2025-03-21
0cad0fc9-8d38-4909-a2df-18a0ff1939af,3d3b8134-9d02-4180-ab51-d6cd236df1e2,2025-03-21,2025-03-21
a5049808-bc66-469a-a14e-cb9863610264,3d3b8134-9d02-4180-ab51-d6cd236df1e2,2025-03-21,2025-03-21
00eccbfb-3b74-47ca-898a-46a7eca95c90,3d3b8134-9d02-4180-ab51-d6cd236df1e2,2025-03-21,2025-03-21
60269226-bc97-4b2c-a9af-e5f6e8077f6d,3d3b8134-9d02-4180-ab51-d6cd236df1e2,2025-03-21,2025-03-21
6c39ef27-7b14-45c3-9161-e32b81c0ce1f,3d3b8134-9d02-4180-ab51-d6cd236df1e2,2025-03-21,2025-03-21
7b4bb3d1-d378-441d-8337-eba1f2d147ab,3d3b8134-9d02-4180-ab51-d6cd236df1e2,2025-03-21,2025-03-21
a15abceb-678a-4c4a-ba4f-1e452c9f761c,3d3b8134-9d02-4180-ab51-d6cd236df1e2,2025-03-21,2025-03-21
c2de52a8-6917-4a7d-9776-64af4b4278e5,3d3b8134-9d02-4180-ab51-d6cd236df1e2,2025-03-21,2025-03-21
e348925f-6697-45fe-9592-714628612f23,3d3b8134-9d02-4180-ab51-d6cd236df1e2,2025-03-21,2025-03-21
c60720ac-0f85-49f3-a857-d147503adcfe,3d3b8134-9d02-4180-ab51-d6cd236df1e2,2025-03-21,2025-03-21
0451dac5-353f-4063-b264-e6f2f5fb052d,3d3b8134-9d02-4180-ab51-d6cd236df1e2,2025-03-21,2025-03-21
fcc4dcfe-ebbd-4153-9a28-32d140b9414d,3d3b8134-9d02-4180-ab51-d6cd236df1e2,2025-03-21,2025-03-21
ac66c12d-588d-4f22-bc73-b2f75f1d19ac,3d3b8134-9d02-4180-ab51-d6cd236df1e2,2025-03-21,2025-03-21
796e6c97-0485-4421-949f-37697af9bd54,3d3b8134-9d02-4180-ab51-d6cd236df1e2,2025-03-21,2025-03-21
977300c0-48fc-4a5d-acb7-9284c660c037,3d3b8134-9d02-4180-ab51-d6cd236df1e2,2025-03-21,2025-03-21
4030833e-6513-448e-a2c4-e1519d729917,3d3b8134-9d02-4180-ab51-d6cd236df1e2,2025-03-21,2025-03-21
f6266c23-5a39-4940-bfc3-f25ed53d5bf5,3d3b8134-9d02-4180-ab51-d6cd236df1e2,2025-03-21,2025-03-21
b7f75f50-618a-43ee-b41b-9d4561c5ba34,3d3b8134-9d02-4180-ab51-d6cd236df1e2,2025-03-21,2025-03-21
d8ae8326-5b07-4935-b8ff-5e06f14b3a87,3d3b8134-9d02-4180-ab51-d6cd236df1e2,2025-03-21,2025-03-21
6d502f08-9d32-4f30-939c-46f8763b92ed,3d3b8134-9d02-4180-ab51-d6cd236df1e2,2025-03-21,2025-03-21
b0cbfbdd-d363-4ea5-9b2c-6f6598b27cef,3d3b8134-9d02-4180-ab51-d6cd236df1e2,2025-03-21,2025-03-21
3769204d-9ff8-4e2e-9811-f19e3bce514d,3d3b8134-9d02-4180-ab51-d6cd236df1e2,2025-03-21,2025-03-21
9304ad64-2dc4-43aa-8329-82b6e55aad8c,3d3b8134-9d02-4180-ab51-d6cd236df1e2,2025-03-21,2025-03-21
3803f557-0552-4478-8aac-56d876ee8b14,3d3b8134-9d02-4180-ab51-d6cd236df1e2,2025-03-21,2025-03-21
757c8c61-37ba-44b4-ba9a-0f759c5cfe92,3d3b8134-9d02-4180-ab51-d6cd236df1e2,2025-03-21,2025-03-21
59bc4c4c-40ff-47d4-bfb2-07434cf651ac,3d3b8134-9d02-4180-ab51-d6cd236df1e2,2025-03-21,2025-03-21
1235afe3-2a00-49e1-a787-abd0a00e6566,3d3b8134-9d02-4180-ab51-d6cd236df1e2,2025-03-21,2025-03-21
394c199f-0e95-4e42-9a18-7c0db587a1ad,3d3b8134-9d02-4180-ab51-d6cd236df1e2,2025-03-21,2025-03-21
483c8925-6450-49be-8235-0e345226f4b2,3d3b8134-9d02-4180-ab51-d6cd236df1e2,2025-03-21,2025-03-21
7109d25e-5d8d-4f06-8a8f-7dc68ba8fbc0,3d3b8134-9d02-4180-ab51-d6cd236df1e2,2025-03-21,2025-03-21
165ad687-d9cb-4cb0-874e-c6d4fa985a9d,3d3b8134-9d02-4180-ab51-d6cd236df1e2,2025-03-21,2025-03-21
db9e247b-4e9e-4386-a8fb-dfd85959ec71,3d3b8134-9d02-4180-ab51-d6cd236df1e2,2025-03-21,2025-03-21
5999de67-b07d-4ee1-878b-eab2f97b4d59,3d3b8134-9d02-4180-ab51-d6cd236df1e2,2025-03-21,2025-03-21
c0cb76ea-f446-4adf-bfa1-fd17b500012f,3d3b8134-9d02-4180-ab51-d6cd236df1e2,2025-03-21,2025-03-21
90a5ef0e-a98c-4ee2-b17b-cb2b3cd706c9,3d3b8134-9d02-4180-ab51-d6cd236df1e2,2025-03-21,2025-03-21
f8b6312d-26f0-4b6e-9b3c-82dfd951a813,3d3b8134-9d02-4180-ab51-d6cd236df1e2,2025-03-21,2025-03-21
24602765-fdec-4204-9d92-c6880e520814,3d3b8134-9d02-4180-ab51-d6cd236df1e2,2025-03-21,2025-03-21
4fcb543e-b268-4193-a185-94b2355622df,3d3b8134-9d02-4180-ab51-d6cd236df1e2,2025-03-21,2025-03-21
8ddf7b36-727a-4f01-b276-33cf49d65777,3d3b8134-9d02-4180-ab51-d6cd236df1e2,2025-03-21,2025-03-21
d673af6c-04d5-45af-bfa9-736f2a16d6a1,3d3b8134-9d02-4180-ab51-d6cd236df1e2,2025-03-21,2025-03-21
503c6a84-6cdc-4529-8a50-d3a940ad198f,3d3b8134-9d02-4180-ab51-d6cd236df1e2,2025-03-21,2025-03-21
f6931b85-debe-4467-859b-6c46dd8061bb,3d3b8134-9d02-4180-ab51-d6cd236df1e2,2025-03-21,2025-03-21
2d1f9d8c-45de-413a-8003-166f1a117f1e,3d3b8134-9d02-4180-ab51-d6cd236df1e2,2025-03-21,2025-03-21
7e1c62f5-1b3f-4c63-9120-80d77c2bc7ba,3d3b8134-9d02-4180-ab51-d6cd236df1e2,2025-03-21,2025-03-21
af119474-837b-49c1-9032-4ce79199ae2f,3d3b8134-9d02-4180-ab51-d6cd236df1e2,2025-03-21,2025-03-21
5ada1e84-09bd-4c76-934b-3a185eb043a3,3d3b8134-9d02-4180-ab51-d6cd236df1e2,2025-03-21,2025-03-21
2c802d79-21c8-4110-a62d-7b3b6415ddf9,3d3b8134-9d02-4180-ab51-d6cd236df1e2,2025-03-21,2025-03-21
b7126595-9326-489f-afdb-42de4d172e49,3d3b8134-9d02-4180-ab51-d6cd236df1e2,2025-03-21,2025-03-21
644432d3-3908-45ff-ba82-5dc37bf17a09,3d3b8134-9d02-4180-ab51-d6cd236df1e2,2025-03-21,2025-03-21
9e066b9f-758c-41ce-9b51-407f622ecdd7,3d3b8134-9d02-4180-ab51-d6cd236df1e2,2025-03-21,2025-03-21
f05d50a0-3eee-4833-8959-1babdb919276,3d3b8134-9d02-4180-ab51-d6cd236df1e2,2025-03-21,2025-03-21
1d64481a-2a24-453d-859c-9e4bb787c4ac,3d3b8134-9d02-4180-ab51-d6cd236df1e2,2025-03-21,2025-03-21
4453cd40-5f95-4a83-b1a4-c5c2745a4195,3d3b8134-9d02-4180-ab51-d6cd236df1e2,2025-03-21,2025-03-21
d882ca8d-9432-4143-bb2c-66cb8b36b4dd,3d3b8134-9d02-4180-ab51-d6cd236df1e2,2025-03-21,2025-03-21
c40586eb-0c97-47db-886c-19ba9ac1d62f,3d3b8134-9d02-4180-ab51-d6cd236df1e2,2025-03-21,2025-03-21
e0e65fbc-5603-4b0c-bdf9-9bbf2d495671,3d3b8134-9d02-4180-ab51-d6cd236df1e2,2025-03-21,2025-03-21
f60b9db0-3c42-4100-bc59-9ef9372af9c1,3d3b8134-9d02-4180-ab51-d6cd236df1e2,2025-03-21,2025-03-21
3961b386-667e-4735-8f0e-14544811e2e7,3d3b8134-9d02-4180-ab51-d6cd236df1e2,2025-03-21,2025-03-21
d55f7d8d-e3bf-4fdc-a8b6-29891829bf97,3d3b8134-9d02-4180-ab51-d6cd236df1e2,2025-03-21,2025-03-21
4b2f3096-790c-45c5-90ce-993d75c590cb,3d3b8134-9d02-4180-ab51-d6cd236df1e2,2025-03-21,2025-03-21
ce105a8a-4891-4172-b940-773a161266cc,3d3b8134-9d02-4180-ab51-d6cd236df1e2,2025-03-21,2025-03-21
1a53939a-321f-4512-bd46-c726b9fea88c,3d3b8134-9d02-4180-ab51-d6cd236df1e2,2025-03-21,2025-03-21
50a913cc-9cdc-487b-a528-a3ba98204ef7,3d3b8134-9d02-4180-ab51-d6cd236df1e2,2025-03-21,2025-03-21
62ad92ee-f0de-48ea-b4e8-4a95057aa8d9,3d3b8134-9d02-4180-ab51-d6cd236df1e2,2025-03-21,2025-03-21
7b5c89f1-7780-47ed-b883-8e745755f80d,3d3b8134-9d02-4180-ab51-d6cd236df1e2,2025-03-21,2025-03-21
24dddf09-cd67-4d39-b6e0-f984303c4f3f,3d3b8134-9d02-4180-ab51-d6cd236df1e2,2025-03-21,2025-03-21
6e9da7ff-aaef-41f2-95c6-eddeac63f477,3d3b8134-9d02-4180-ab51-d6cd236df1e2,2025-03-21,2025-03-21
0ea9772e-162a-4a87-a139-e29c195e8514,3d3b8134-9d02-4180-ab51-d6cd236df1e2,2025-03-21,2025-03-21
929a5723-1cf5-4045-80f9-466fff9a16c2,3d3b8134-9d02-4180-ab51-d6cd236df1e2,2025-03-21,2025-03-21
a3dfdfe7-cacf-4ff0-8160-b153daccb57c,3d3b8134-9d02-4180-ab51-d6cd236df1e2,2025-03-21,2025-03-21
9e445fa6-8869-4aa9-8634-af9d4f75bd45,3d3b8134-9d02-4180-ab51-d6cd236df1e2,2025-03-21,2025-03-21
847373a8-ce9b-4a81-a784-5d8b528d7cc1,3d3b8134-9d02-4180-ab51-d6cd236df1e2,2025-03-21,2025-03-21
ed5909fe-6388-44e6-be5c-a947170a35e5,3d3b8134-9d02-4180-ab51-d6cd236df1e2,2025-03-21,2025-03-21
1b8f56f9-8664-4d82-86e4-e51b4a58c09e,3d3b8134-9d02-4180-ab51-d6cd236df1e2,2025-03-21,2025-03-21
f7dcac98-e219-432b-a804-f55e47d762b1,3d3b8134-9d02-4180-ab51-d6cd236df1e2,2025-03-21,2025-03-21
899b6bf1-663e-454e-a279-9125d0590c26,3d3b8134-9d02-4180-ab51-d6cd236df1e2,2025-03-21,2025-03-21
cfeab3a9-50a6-4ea0-a26f-0b6831fd1d35,3d3b8134-9d02-4180-ab51-d6cd236df1e2,2025-03-21,2025-03-21
95f6331b-a63a-482b-b0d3-4f8c6474f8f6,3d3b8134-9d02-4180-ab51-d6cd236df1e2,2025-03-21,2025-03-21
d0b1ea11-7824-42f2-a368-407c0380e4f8,3d3b8134-9d02-4180-ab51-d6cd236df1e2,2025-03-21,2025-03-21
5f35ca55-44ba-4af2-8b11-68aee2bd6434,3d3b8134-9d02-4180-ab51-d6cd236df1e2,2025-03-21,2025-03-21
0f799d1f-5537-4549-a55c-dd7259ef42b9,3d3b8134-9d02-4180-ab51-d6cd236df1e2,2025-03-21,2025-03-21
7fd72152-34ed-43e8-8cb7-ae5db2f93268,3d3b8134-9d02-4180-ab51-d6cd236df1e2,2025-03-21,2025-03-21
cdb50605-87f8-4702-b3bc-512a3fce0923,3d3b8134-9d02-4180-ab51-d6cd236df1e2,2025-03-21,2025-03-21
f52b031f-0dbb-484e-ac3a-670939d29cef,3d3b8134-9d02-4180-ab51-d6cd236df1e2,2025-03-21,2025-03-21
914f554f-8380-4d93-bd16-52cc8893f951,3d3b8134-9d02-4180-ab51-d6cd236df1e2,2025-03-21,2025-03-21
6510b4fc-a74f-4e8a-b15b-8dc3802da830,3d3b8134-9d02-4180-ab51-d6cd236df1e2,2025-03-21,2025-03-21
34575b66-24cf-472c-8da5-d4b505bc6f12,3d3b8134-9d02-4180-ab51-d6cd236df1e2,2025-03-21,2025-03-21
5a0816d9-a4fe-4823-97a0-eaa228ee80ae,3d3b8134-9d02-4180-ab51-d6cd236df1e2,2025-03-21,2025-03-21
54d539a6-c1a5-43a5-a559-d50ac0ce22fa,3d3b8134-9d02-4180-ab51-d6cd236df1e2,2025-03-21,2025-03-21
679824b3-0dbe-4a02-a214-a72bb7baf36f,3d3b8134-9d02-4180-ab51-d6cd236df1e2,2025-03-21,2025-03-21
6fed79d6-0179-45bd-af5e-f43bb4b16f02,3d3b8134-9d02-4180-ab51-d6cd236df1e2,2025-03-21,2025-03-21
7bd611b0-3907-4bad-a542-7cf6b87d400f,3d3b8134-9d02-4180-ab51-d6cd236df1e2,2025-03-21,2025-03-21
aa762557-03d8-4388-baf6-d4227fea53ac,3d3b8134-9d02-4180-ab51-d6cd236df1e2,2025-03-21,2025-03-21
7e036332-5d34-4f12-a159-dc7cf35697ee,3d3b8134-9d02-4180-ab51-d6cd236df1e2,2025-03-21,2025-03-21
8f047b6c-6e1e-47fb-9c30-317ddd6fe9fa,3d3b8134-9d02-4180-ab51-d6cd236df1e2,2025-03-21,2025-03-21
8822078f-1122-41da-8170-5b990cae5e72,3d3b8134-9d02-4180-ab51-d6cd236df1e2,2025-03-21,2025-03-21
f72b36cf-40de-403a-9b19-fb082c9bc049,3d3b8134-9d02-4180-ab51-d6cd236df1e2,2025-03-21,2025-03-21
9812e2b2-5525-49ee-bd9b-47ea77ce7ea9,3d3b8134-9d02-4180-ab51-d6cd236df1e2,2025-03-21,2025-03-21
c4182fea-9176-4fe3-8791-b253780a8aa5,3d3b8134-9d02-4180-ab51-d6cd236df1e2,2025-03-21,2025-03-21
063bb72d-d765-4abf-ae85-9cc64fa67e81,3d3b8134-9d02-4180-ab51-d6cd236df1e2,2025-03-21,2025-03-21
fc11fd4e-cb25-4fb8-87f4-b266cad362de,3d3b8134-9d02-4180-ab51-d6cd236df1e2,2025-03-21,2025-03-21
d43294fc-a40f-4b71-8c29-128bfe7ad257,3d3b8134-9d02-4180-ab51-d6cd236df1e2,2025-03-21,2025-03-21
52014e6f-6cc7-4570-aded-377e486e3d82,3d3b8134-9d02-4180-ab51-d6cd236df1e2,2025-03-21,2025-03-21
3aeb218e-c050-437c-b52e-aaa810ff8b54,3d3b8134-9d02-4180-ab51-d6cd236df1e2,2025-03-21,2025-03-21
8e7c9fec-bb07-4937-9231-3433efdd197f,3d3b8134-9d02-4180-ab51-d6cd236df1e2,2025-03-21,2025-03-21
d14ae5e5-96f0-4ef4-98b9-b69fce5d6427,3d3b8134-9d02-4180-ab51-d6cd236df1e2,2025-03-21,2025-03-21
108b1643-77ed-4adf-bb65-4c196241decd,3d3b8134-9d02-4180-ab51-d6cd236df1e2,2025-03-21,2025-03-21
53783f0f-5a39-4b4c-b89b-8f050c8552a4,3d3b8134-9d02-4180-ab51-d6cd236df1e2,2025-03-21,2025-03-21
8783d01b-4021-4908-9e7c-b4eb10c7ff7d,3d3b8134-9d02-4180-ab51-d6cd236df1e2,2025-03-21,2025-03-21
20bb9e2d-e812-42c7-8a4c-e7f500dcc1ae,3d3b8134-9d02-4180-ab51-d6cd236df1e2,2025-03-21,2025-03-21
1ddac81c-1788-4c5f-91e9-30f603299d7d,3d3b8134-9d02-4180-ab51-d6cd236df1e2,2025-03-21,2025-03-21
db2c9680-8ccf-464b-800f-8c21483a8699,3d3b8134-9d02-4180-ab51-d6cd236df1e2,2025-03-21,2025-03-21
8b9115ed-11d1-4b4b-bb4d-5d1d82d04213,3d3b8134-9d02-4180-ab51-d6cd236df1e2,2025-03-21,2025-03-21
3ccbc138-c75b-48e0-8dda-ad918e578f55,3d3b8134-9d02-4180-ab51-d6cd236df1e2,2025-03-21,2025-03-21
63e32122-c6cb-4bc7-8267-a4b7afde40e7,3d3b8134-9d02-4180-ab51-d6cd236df1e2,2025-03-21,2025-03-21
df079dcd-d585-4809-a3e6-73fb93235a0b,3d3b8134-9d02-4180-ab51-d6cd236df1e2,2025-03-21,2025-03-21
e7d5ba64-6961-4895-940e-13f587bdf086,3d3b8134-9d02-4180-ab51-d6cd236df1e2,2025-03-21,2025-03-21
ceb4e3d7-389d-47ef-992f-3aa65c482ffd,3d3b8134-9d02-4180-ab51-d6cd236df1e2,2025-03-21,2025-03-21
5ea62b8c-e2cc-4b8e-aa48-d189bd8765a4,3d3b8134-9d02-4180-ab51-d6cd236df1e2,2025-03-21,2025-03-21
6e47a5df-87d3-4e20-8d41-501aca8379a4,3d3b8134-9d02-4180-ab51-d6cd236df1e2,2025-03-21,2025-03-21
067d1518-2098-4f65-851a-92173acbfc10,3d3b8134-9d02-4180-ab51-d6cd236df1e2,2025-03-21,2025-03-21
12b3cf6d-8c7b-47e1-aa48-c109cd5c9294,3d3b8134-9d02-4180-ab51-d6cd236df1e2,2025-03-21,2025-03-21
5350656d-41c0-46b0-9ad5-28b20c0e5f27,3d3b8134-9d02-4180-ab51-d6cd236df1e2,2025-03-21,2025-03-21
20fa937b-fa4b-40f9-a9ee-e302ba019b46,3d3b8134-9d02-4180-ab51-d6cd236df1e2,2025-03-21,2025-03-21
695d7eb4-f79e-4549-87ed-ce925c2c7d03,3d3b8134-9d02-4180-ab51-d6cd236df1e2,2025-03-21,2025-03-21
437ca884-9ffe-4dce-bb23-1317392f2836,3d3b8134-9d02-4180-ab51-d6cd236df1e2,2025-03-21,2025-03-21
565a9a77-0cc0-4068-88a0-e014b8aad8df,3d3b8134-9d02-4180-ab51-d6cd236df1e2,2025-03-21,2025-03-21
e12f97fa-894a-461a-bc87-2d38dbf5164c,3d3b8134-9d02-4180-ab51-d6cd236df1e2,2025-03-21,2025-03-21
5bc04cdc-250f-44d1-94ca-39614868924d,3d3b8134-9d02-4180-ab51-d6cd236df1e2,2025-03-21,2025-03-21
fca3ee7b-464e-405a-89aa-80c2d8df5249,3d3b8134-9d02-4180-ab51-d6cd236df1e2,2025-03-21,2025-03-21
30eb7f93-e9d9-4712-8dde-62454c2c0f64,3d3b8134-9d02-4180-ab51-d6cd236df1e2,2025-03-21,2025-03-21
33dffc04-f074-403d-89ac-95f14d51507f,3d3b8134-9d02-4180-ab51-d6cd236df1e2,2025-03-21,2025-03-21
07533b36-e3f1-4ab2-a839-72a4ec8f262f,3d3b8134-9d02-4180-ab51-d6cd236df1e2,2025-03-21,2025-03-21
6e485aad-2222-4b16-bf13-8bf746d5f230,3d3b8134-9d02-4180-ab51-d6cd236df1e2,2025-03-21,2025-03-21
22b93d62-4279-454a-8b36-be10e33d8792,3d3b8134-9d02-4180-ab51-d6cd236df1e2,2025-03-21,2025-03-21
bbb1f4c2-20cf-43f8-be47-516544937222,3d3b8134-9d02-4180-ab51-d6cd236df1e2,2025-03-21,2025-03-21
6338b0e2-e1d4-4481-bfb0-c9ce97d6d76d,3d3b8134-9d02-4180-ab51-d6cd236df1e2,2025-03-21,2025-03-21
0e47d9ed-2b6c-4d3a-850b-51f2a8e33019,3d3b8134-9d02-4180-ab51-d6cd236df1e2,2025-03-21,2025-03-21
3dbaa1a2-a4e5-4b35-b0a3-f2054129df57,3d3b8134-9d02-4180-ab51-d6cd236df1e2,2025-03-21,2025-03-21
4591fe43-f463-4aeb-be4e-7f097fc7f69a,3d3b8134-9d02-4180-ab51-d6cd236df1e2,2025-03-21,2025-03-21
9604980b-fd6a-4109-92b5-0a60c39a9b69,3d3b8134-9d02-4180-ab51-d6cd236df1e2,2025-03-21,2025-03-21
75773a56-f6a6-476a-8b41-f434139ad419,3d3b8134-9d02-4180-ab51-d6cd236df1e2,2025-03-21,2025-03-21
c44e5667-8c6b-488e-9a7d-4a045792c091,3d3b8134-9d02-4180-ab51-d6cd236df1e2,2025-03-21,2025-03-21
d1dbc72a-567f-4104-8861-107a0d016004,3d3b8134-9d02-4180-ab51-d6cd236df1e2,2025-03-21,2025-03-21
f1d9e9b2-9a5a-4e68-9e31-6531c512019b,3d3b8134-9d02-4180-ab51-d6cd236df1e2,2025-03-21,2025-03-21
e1fd6d15-87f2-4d6e-a8aa-98f1fcf39b76,3d3b8134-9d02-4180-ab51-d6cd236df1e2,2025-03-21,2025-03-21
4f6da4df-8e3f-4d7b-9ede-74ce48aa6b31,3d3b8134-9d02-4180-ab51-d6cd236df1e2,2025-03-21,2025-03-21
9c53e7e1-6678-4b97-8262-e0a93356acfd,3d3b8134-9d02-4180-ab51-d6cd236df1e2,2025-03-21,2025-03-21
6b2c2539-263b-4c1b-beb0-73117417c138,3d3b8134-9d02-4180-ab51-d6cd236df1e2,2025-03-21,2025-03-21
c2b510b6-b8eb-4c63-9229-98f743bd1a3e,3d3b8134-9d02-4180-ab51-d6cd236df1e2,2025-03-21,2025-03-21
89a811b1-f38c-403f-8bb6-7cb044f43fd2,3d3b8134-9d02-4180-ab51-d6cd236df1e2,2025-03-21,2025-03-21
6c37eb75-9cac-457c-a633-071b9a6b0352,3d3b8134-9d02-4180-ab51-d6cd236df1e2,2025-03-21,2025-03-21
ea355637-f103-4255-b17f-cd58aec79e56,3d3b8134-9d02-4180-ab51-d6cd236df1e2,2025-03-21,2025-03-21
0d12d723-f3ef-46d0-b076-d46e47a97ddd,3d3b8134-9d02-4180-ab51-d6cd236df1e2,2025-03-21,2025-03-21
829f4f55-2576-4b6f-8bfe-339b4a542257,3d3b8134-9d02-4180-ab51-d6cd236df1e2,2025-03-21,2025-03-21
bb0b08f8-76f8-4112-bc7c-c5b071a4e67f,3d3b8134-9d02-4180-ab51-d6cd236df1e2,2025-03-21,2025-03-21
b94c4fae-3841-4b22-9ce5-e32e8c3eefaf,3d3b8134-9d02-4180-ab51-d6cd236df1e2,2025-03-21,2025-03-21
550e4c03-d591-4b6f-a0df-dbb5569751b5,3d3b8134-9d02-4180-ab51-d6cd236df1e2,2025-03-21,2025-03-21
a1457dad-a9cd-4157-98fa-d9abe9f5c611,3d3b8134-9d02-4180-ab51-d6cd236df1e2,2025-03-21,2025-03-21
fc90175e-ec56-4367-bba5-201636ec4350,3d3b8134-9d02-4180-ab51-d6cd236df1e2,2025-03-21,2025-03-21
a36cd0c1-3881-4684-8f80-056dae1ff054,3d3b8134-9d02-4180-ab51-d6cd236df1e2,2025-03-21,2025-03-21
7bf2ee90-d1da-4aae-a89b-6b1eed46844b,3d3b8134-9d02-4180-ab51-d6cd236df1e2,2025-03-21,2025-03-21
f14a4bf8-3066-484c-a752-c6eea6dff968,3d3b8134-9d02-4180-ab51-d6cd236df1e2,2025-03-21,2025-03-21
dabca0bb-17ae-45bc-906e-4d73a1bc9eb2,3d3b8134-9d02-4180-ab51-d6cd236df1e2,2025-03-21,2025-03-21
dba56862-5feb-465f-87c6-ddfb58a7a825,3d3b8134-9d02-4180-ab51-d6cd236df1e2,2025-03-21,2025-03-21
c386914e-3acb-449b-9499-5a28ec2dd4ec,3d3b8134-9d02-4180-ab51-d6cd236df1e2,2025-03-21,2025-03-21
019abaeb-ab72-44dc-b174-d6f86c625b0a,3d3b8134-9d02-4180-ab51-d6cd236df1e2,2025-03-21,2025-03-21
45fd73be-24d4-434d-bfba-09ea518ee862,3d3b8134-9d02-4180-ab51-d6cd236df1e2,2025-03-21,2025-03-21
5170f173-2cfd-43a5-9168-9d0144e10e80,3d3b8134-9d02-4180-ab51-d6cd236df1e2,2025-03-21,2025-03-21
b5703527-808b-4b1c-950c-9abf48be5998,3d3b8134-9d02-4180-ab51-d6cd236df1e2,2025-03-21,2025-03-21
aacd2ba9-9668-46d6-addc-b68825be72c1,3d3b8134-9d02-4180-ab51-d6cd236df1e2,2025-03-21,2025-03-21
ba5edc8b-c796-49a8-a036-e35b5635fc1f,3d3b8134-9d02-4180-ab51-d6cd236df1e2,2025-03-21,2025-03-21
4e273a34-d8b8-41ec-8564-bb9cd9f29b15,3d3b8134-9d02-4180-ab51-d6cd236df1e2,2025-03-21,2025-03-21
d1c145cd-c174-4e0b-8b25-16bdffdeda46,3d3b8134-9d02-4180-ab51-d6cd236df1e2,2025-03-21,2025-03-21
d8c9064c-abe7-43ed-9e26-4fa581b092c1,3d3b8134-9d02-4180-ab51-d6cd236df1e2,2025-03-21,2025-03-21
e7d8f48c-7c7d-46e4-a8b7-9190a1948118,3d3b8134-9d02-4180-ab51-d6cd236df1e2,2025-03-21,2025-03-21
f06bfece-0ed6-4446-8698-5b904e704d7f,3d3b8134-9d02-4180-ab51-d6cd236df1e2,2025-03-21,2025-03-21
8b2e8fd3-6f05-43d1-bf39-5f3ce09370dc,3d3b8134-9d02-4180-ab51-d6cd236df1e2,2025-03-21,2025-03-21
2787616c-58cd-4e56-ba84-603c5764485f,3d3b8134-9d02-4180-ab51-d6cd236df1e2,2025-03-21,2025-03-21
b0fe3e9c-68b0-4ed2-8c29-4bad35e1250a,3d3b8134-9d02-4180-ab51-d6cd236df1e2,2025-03-21,2025-03-21
8eb3cece-c9b6-459c-a027-f9bc5595df48,3d3b8134-9d02-4180-ab51-d6cd236df1e2,2025-03-21,2025-03-21
67690a9e-d788-4407-af0d-66a00780d9df,3d3b8134-9d02-4180-ab51-d6cd236df1e2,2025-03-21,2025-03-21
e8ca16a7-9334-4df9-a4f5-97dc847732d9,3d3b8134-9d02-4180-ab51-d6cd236df1e2,2025-03-21,2025-03-21
3782a763-ca78-4324-9df6-2150208a43b7,3d3b8134-9d02-4180-ab51-d6cd236df1e2,2025-03-21,2025-03-21
0ce43538-79ff-4259-9454-5f42dcf9686b,3d3b8134-9d02-4180-ab51-d6cd236df1e2,2025-03-21,2025-03-21
19610e9a-5656-4bb6-9da9-384f21501896,3d3b8134-9d02-4180-ab51-d6cd236df1e2,2025-03-21,2025-03-21
027fb19c-024f-4a6f-ba63-7c5a63ccc4a1,3d3b8134-9d02-4180-ab51-d6cd236df1e2,2025-03-21,2025-03-21
7775ae26-4153-4365-959f-610596584509,3d3b8134-9d02-4180-ab51-d6cd236df1e2,2025-03-21,2025-03-21
1f1385ed-8362-4711-95dc-fcce327b77d6,3d3b8134-9d02-4180-ab51-d6cd236df1e2,2025-03-21,2025-03-21
92336da8-fc95-4faf-b6c8-bf7764ff2ec5,3d3b8134-9d02-4180-ab51-d6cd236df1e2,2025-03-21,2025-03-21
846475d2-011a-4833-bfb7-852bd7657d60,3d3b8134-9d02-4180-ab51-d6cd236df1e2,2025-03-21,2025-03-21
fcc7f608-dfa2-4740-8201-ff4e8a320cc4,3d3b8134-9d02-4180-ab51-d6cd236df1e2,2025-03-21,2025-03-21
405b3949-14e5-4e03-95de-4095d491c868,3d3b8134-9d02-4180-ab51-d6cd236df1e2,2025-03-21,2025-03-21
2fbf7561-5414-4896-995c-32ce1036a0e0,3d3b8134-9d02-4180-ab51-d6cd236df1e2,2025-03-21,2025-03-21
9fcd2342-16e9-467a-b5ce-f39ab03ef5c4,3d3b8134-9d02-4180-ab51-d6cd236df1e2,2025-03-21,2025-03-21
b5d2c9de-1b62-49e8-b035-eb443e6baba0,3d3b8134-9d02-4180-ab51-d6cd236df1e2,2025-03-21,2025-03-21
7fa79363-2a3b-43bc-a7d7-586c102dc0f0,3d3b8134-9d02-4180-ab51-d6cd236df1e2,2025-03-21,2025-03-21
d380037e-6fdc-43c6-a7c7-05345113a2a8,3d3b8134-9d02-4180-ab51-d6cd236df1e2,2025-03-21,2025-03-21
9427114b-a814-47db-a93b-50e3edc15538,3d3b8134-9d02-4180-ab51-d6cd236df1e2,2025-03-21,2025-03-21
28d10465-e367-4529-9aa8-97fa9e309f2a,3d3b8134-9d02-4180-ab51-d6cd236df1e2,2025-03-21,2025-03-21
c24917fe-8d05-4edd-be27-4e26b8961ac8,3d3b8134-9d02-4180-ab51-d6cd236df1e2,2025-03-21,2025-03-21
f27aca46-5d03-400a-927e-0da4a71e53a1,3d3b8134-9d02-4180-ab51-d6cd236df1e2,2025-03-21,2025-03-21
f8dc5fcb-7d71-46ff-aa06-0003301cbee9,3d3b8134-9d02-4180-ab51-d6cd236df1e2,2025-03-21,2025-03-21
0412816b-e532-4ab3-9409-14068cec3f16,3d3b8134-9d02-4180-ab51-d6cd236df1e2,2025-03-21,2025-03-21
34ae2747-7233-44d0-8373-55f8e5be1b0f,3d3b8134-9d02-4180-ab51-d6cd236df1e2,2025-03-21,2025-03-21
b613c720-8994-4755-8280-730aed3d403e,3d3b8134-9d02-4180-ab51-d6cd236df1e2,2025-03-21,2025-03-21
2bae751e-0780-4554-a933-f194e7e8e26c,3d3b8134-9d02-4180-ab51-d6cd236df1e2,2025-03-21,2025-03-21
bdb3fdc7-6b07-4412-b2ee-d7feb46cf6f8,3d3b8134-9d02-4180-ab51-d6cd236df1e2,2025-03-21,2025-03-21
25e92d31-f771-459b-86ad-c0407460d539,3d3b8134-9d02-4180-ab51-d6cd236df1e2,2025-03-21,2025-03-21
6950d575-ede1-4a58-8cd6-5defaeec790e,3d3b8134-9d02-4180-ab51-d6cd236df1e2,2025-03-21,2025-03-21
4b612303-ef69-4350-b346-85a0c6b3f6a4,3d3b8134-9d02-4180-ab51-d6cd236df1e2,2025-03-21,2025-03-21
2e937ef4-2cad-4af9-9dab-d1c79c4037b6,3d3b8134-9d02-4180-ab51-d6cd236df1e2,2025-03-21,2025-03-21
9e24b991-d625-4237-8293-092323b67812,3d3b8134-9d02-4180-ab51-d6cd236df1e2,2025-03-21,2025-03-21
66f19d12-d5b4-406c-bc62-9fb38de4bbd9,3d3b8134-9d02-4180-ab51-d6cd236df1e2,2025-03-21,2025-03-21
b25509de-cdfe-4776-bee5-af2721f99b39,3d3b8134-9d02-4180-ab51-d6cd236df1e2,2025-03-21,2025-03-21
32be2373-5f8f-4856-a166-7974121e0d29,3d3b8134-9d02-4180-ab51-d6cd236df1e2,2025-03-21,2025-03-21
6f20b8f9-897b-48e0-b674-e81b4f33ae61,3d3b8134-9d02-4180-ab51-d6cd236df1e2,2025-03-21,2025-03-21
74bffd4d-0931-4697-984b-a3ff15c1f57d,3d3b8134-9d02-4180-ab51-d6cd236df1e2,2025-03-21,2025-03-21
cbf17e33-6f7b-4a3b-9c21-797db13b002d,3d3b8134-9d02-4180-ab51-d6cd236df1e2,2025-03-21,2025-03-21
1eea6347-7128-42db-a4f2-555ea9ff6d2e,3d3b8134-9d02-4180-ab51-d6cd236df1e2,2025-03-21,2025-03-21
ea97bc0b-604d-47d5-b486-63f83aabb4ce,3d3b8134-9d02-4180-ab51-d6cd236df1e2,2025-03-21,2025-03-21
9ee79dbf-3c05-4223-8fd0-3750609bc5a4,3d3b8134-9d02-4180-ab51-d6cd236df1e2,2025-03-21,2025-03-21
09eb635c-a488-4542-bd35-ff4f0f346139,3d3b8134-9d02-4180-ab51-d6cd236df1e2,2025-03-21,2025-03-21
cc79c24c-ddb8-4955-aa8f-c03550725742,3d3b8134-9d02-4180-ab51-d6cd236df1e2,2025-03-21,2025-03-21
0d1c57ea-2b64-435e-83b2-06f172891ada,3d3b8134-9d02-4180-ab51-d6cd236df1e2,2025-03-21,2025-03-21
8bee19c7-98ec-480b-bfcf-33c9c09e179f,3d3b8134-9d02-4180-ab51-d6cd236df1e2,2025-03-21,2025-03-21
331889b6-980b-406f-8122-9d750157b5f5,3d3b8134-9d02-4180-ab51-d6cd236df1e2,2025-03-21,2025-03-21
f06f83a0-247c-4a2b-90e3-d13a02dd61a7,3d3b8134-9d02-4180-ab51-d6cd236df1e2,2025-03-21,2025-03-21
24199cfc-96fa-4035-a129-ab68c4120c98,3d3b8134-9d02-4180-ab51-d6cd236df1e2,2025-03-21,2025-03-21
6a5f5beb-c7c5-4476-94e4-edc8c89ae3cf,3d3b8134-9d02-4180-ab51-d6cd236df1e2,2025-03-21,2025-03-21
71b35696-a5ca-4656-8393-d846cc02f51b,3d3b8134-9d02-4180-ab51-d6cd236df1e2,2025-03-21,2025-03-21
c30a568e-c829-436f-a652-2365584e1f61,3d3b8134-9d02-4180-ab51-d6cd236df1e2,2025-03-21,2025-03-21
1e0ce131-a06c-4029-897d-8196b850789e,3d3b8134-9d02-4180-ab51-d6cd236df1e2,2025-03-21,2025-03-21
ede4ec60-212e-4e17-8df9-4d3808385846,3d3b8134-9d02-4180-ab51-d6cd236df1e2,2025-03-21,2025-03-21
33db5b70-ffb2-480e-b1f6-6eecdb1f833d,3d3b8134-9d02-4180-ab51-d6cd236df1e2,2025-03-21,2025-03-21
36eefcfa-5920-47fb-a94d-7eef2ca06744,3d3b8134-9d02-4180-ab51-d6cd236df1e2,2025-03-21,2025-03-21
94fe4c31-1462-4145-b354-61d2ceeee781,3d3b8134-9d02-4180-ab51-d6cd236df1e2,2025-03-21,2025-03-21
bc984124-1fe6-4c03-a690-d10e9a67f84c,3d3b8134-9d02-4180-ab51-d6cd236df1e2,2025-03-21,2025-03-21
61cf31f6-1e78-4dfa-a121-32767c0ce2a9,3d3b8134-9d02-4180-ab51-d6cd236df1e2,2025-03-21,2025-03-21
04888845-5075-4f44-9375-c861551bf669,3d3b8134-9d02-4180-ab51-d6cd236df1e2,2025-03-21,2025-03-21
e6a5ca27-d6a5-4f7b-8c48-067e22cff191,3d3b8134-9d02-4180-ab51-d6cd236df1e2,2025-03-21,2025-03-21
fe9053f3-9f1c-4bbe-b452-f5331f775751,3d3b8134-9d02-4180-ab51-d6cd236df1e2,2025-03-21,2025-03-21
22e090fd-fac5-40d1-8b79-6a9a1ab53c03,3d3b8134-9d02-4180-ab51-d6cd236df1e2,2025-03-21,2025-03-21
ea133a42-f6d3-406a-9dc4-e6bff6ba9ada,3d3b8134-9d02-4180-ab51-d6cd236df1e2,2025-03-21,2025-03-21
0f174cb4-446f-4ff3-a44c-4bd7e81bfef4,3d3b8134-9d02-4180-ab51-d6cd236df1e2,2025-03-21,2025-03-21
875a51e7-ff2e-4c41-9dbb-eb4ca1b349eb,3d3b8134-9d02-4180-ab51-d6cd236df1e2,2025-03-21,2025-03-21
139a7ab5-fcd5-473c-8012-ba06812934e4,3d3b8134-9d02-4180-ab51-d6cd236df1e2,2025-03-21,2025-03-21
c2f4e284-7849-4b4a-b0b8-4d45a483f6f4,3d3b8134-9d02-4180-ab51-d6cd236df1e2,2025-03-21,2025-03-21
34e90b02-583e-4b07-b2d8-8b45f13007f9,3d3b8134-9d02-4180-ab51-d6cd236df1e2,2025-03-21,2025-03-21
cb6e675c-57ba-4c5c-a94a-aa75203a83f6,3d3b8134-9d02-4180-ab51-d6cd236df1e2,2025-03-21,2025-03-21
ea3bd64f-ebac-4ea0-a494-2ff5ddff9f0e,3d3b8134-9d02-4180-ab51-d6cd236df1e2,2025-03-21,2025-03-21
e142105e-4a56-496e-89cc-e8804d3fd5da,3d3b8134-9d02-4180-ab51-d6cd236df1e2,2025-03-21,2025-03-21
101bc042-66f5-4ffa-aa65-87b384300cc6,3d3b8134-9d02-4180-ab51-d6cd236df1e2,2025-03-21,2025-03-21
7bf8a848-4637-4569-8ca6-7f0432b76e45,3d3b8134-9d02-4180-ab51-d6cd236df1e2,2025-03-21,2025-03-21
4f0ce005-049c-4aa9-bddb-bd22cfc81f68,3d3b8134-9d02-4180-ab51-d6cd236df1e2,2025-03-21,2025-03-21
6490d995-f05c-482d-b674-8498bca81e35,3d3b8134-9d02-4180-ab51-d6cd236df1e2,2025-03-21,2025-03-21
1e5c6ea1-e32a-4b94-925a-4ac87e12f760,3d3b8134-9d02-4180-ab51-d6cd236df1e2,2025-03-21,2025-03-21
17926104-e915-4839-b64a-e5d41565fbcd,3d3b8134-9d02-4180-ab51-d6cd236df1e2,2025-03-21,2025-03-21
c02dac95-9a1f-4581-afb6-7dc4bda58f32,3d3b8134-9d02-4180-ab51-d6cd236df1e2,2025-03-21,2025-03-21
aadcf29c-ec8d-4a57-a7ec-f6bf4f36b1ad,3d3b8134-9d02-4180-ab51-d6cd236df1e2,2025-03-21,2025-03-21
dfc90996-06b2-4398-a430-3055374656c9,3d3b8134-9d02-4180-ab51-d6cd236df1e2,2025-03-21,2025-03-21
a96997a9-3359-441c-bcb9-7a3d938811ad,3d3b8134-9d02-4180-ab51-d6cd236df1e2,2025-03-21,2025-03-21
4086b4ad-5245-4502-a35f-47dcaaa22c9f,3d3b8134-9d02-4180-ab51-d6cd236df1e2,2025-03-21,2025-03-21
9a51e570-c93b-4d0c-ab84-d9ebd9cd9cba,3d3b8134-9d02-4180-ab51-d6cd236df1e2,2025-03-21,2025-03-21
93444eca-5b99-46b9-b07f-d181325eea17,3d3b8134-9d02-4180-ab51-d6cd236df1e2,2025-03-21,2025-03-21
08359133-32f9-463f-b9ec-bbf201b7a212,3d3b8134-9d02-4180-ab51-d6cd236df1e2,2025-03-21,2025-03-21
9c8eb33d-b53e-4cb0-8916-70c1c4f39701,3d3b8134-9d02-4180-ab51-d6cd236df1e2,2025-03-21,2025-03-21
a04f842a-b189-4bda-88be-c94c703d5ede,3d3b8134-9d02-4180-ab51-d6cd236df1e2,2025-03-21,2025-03-21
e4799554-3ef0-4ae3-96e2-bfb1be4659f5,3d3b8134-9d02-4180-ab51-d6cd236df1e2,2025-03-21,2025-03-21
a23fed0c-f622-4340-ba20-4e980969feda,3d3b8134-9d02-4180-ab51-d6cd236df1e2,2025-03-21,2025-03-21
208e9d0d-c123-442f-9ad2-49b77e215647,3d3b8134-9d02-4180-ab51-d6cd236df1e2,2025-03-21,2025-03-21
5c34e821-a00b-4643-ac80-7b4639785290,3d3b8134-9d02-4180-ab51-d6cd236df1e2,2025-03-21,2025-03-21
67135e11-e7ae-4f91-a7d1-b4e8a56ac425,3d3b8134-9d02-4180-ab51-d6cd236df1e2,2025-03-21,2025-03-21
a31cd30d-ba8c-4669-83d5-6092fd4552c8,3d3b8134-9d02-4180-ab51-d6cd236df1e2,2025-03-21,2025-03-21
7572af7b-2d7b-4ba1-b77f-89e2b73fefda,3d3b8134-9d02-4180-ab51-d6cd236df1e2,2025-03-21,2025-03-21
fd475a12-0c56-4498-819c-11badd5ee0a4,3d3b8134-9d02-4180-ab51-d6cd236df1e2,2025-03-21,2025-03-21
15bd8696-2eb5-4e25-9b49-8f9848745417,3d3b8134-9d02-4180-ab51-d6cd236df1e2,2025-03-21,2025-03-21
c80da24d-26d0-4f9f-b020-778ec2071c4b,3d3b8134-9d02-4180-ab51-d6cd236df1e2,2025-03-21,2025-03-21
21716f42-5c71-419c-bc4a-228d4fa4e898,3d3b8134-9d02-4180-ab51-d6cd236df1e2,2025-03-21,2025-03-21
b0394cc9-4633-4536-bb92-b51bec32827a,3d3b8134-9d02-4180-ab51-d6cd236df1e2,2025-03-21,2025-03-21
48559d84-2de9-46f1-aa48-67234b3bf571,3d3b8134-9d02-4180-ab51-d6cd236df1e2,2025-03-21,2025-03-21
253d967c-0586-457f-991f-85c36f6195b2,3d3b8134-9d02-4180-ab51-d6cd236df1e2,2025-03-21,2025-03-21
bb3547ee-9043-4cc7-97da-025329a1a2ad,3d3b8134-9d02-4180-ab51-d6cd236df1e2,2025-03-21,2025-03-21
7850869b-b403-489b-b604-790bd727f11b,3d3b8134-9d02-4180-ab51-d6cd236df1e2,2025-03-21,2025-03-21
49acd279-d0b4-4aa7-bc8d-e79180deb842,3d3b8134-9d02-4180-ab51-d6cd236df1e2,2025-03-21,2025-03-21
99a662c2-e6b4-4cbd-a93d-30189bc4cdf5,3d3b8134-9d02-4180-ab51-d6cd236df1e2,2025-03-21,2025-03-21
202d3c1f-72bc-43a7-8f69-d6ef7e298856,3d3b8134-9d02-4180-ab51-d6cd236df1e2,2025-03-21,2025-03-21
b97fa674-4955-4880-9cad-f0c7081afc95,3d3b8134-9d02-4180-ab51-d6cd236df1e2,2025-03-21,2025-03-21
bc1da901-afef-4b2a-bd9a-24f58c4002bd,3d3b8134-9d02-4180-ab51-d6cd236df1e2,2025-03-21,2025-03-21
cd491a8d-8daf-4bf0-8e43-3824fb50c720,3d3b8134-9d02-4180-ab51-d6cd236df1e2,2025-03-21,2025-03-21
a7a5edc5-eb79-4f25-971a-01fcfc8ee012,3d3b8134-9d02-4180-ab51-d6cd236df1e2,2025-03-21,2025-03-21
bb673031-1856-4966-8a61-a97e933a69b5,3d3b8134-9d02-4180-ab51-d6cd236df1e2,2025-03-21,2025-03-21
943e6210-e041-459d-b4bd-e62899f24b12,3d3b8134-9d02-4180-ab51-d6cd236df1e2,2025-03-21,2025-03-21
ea80abc4-43ae-41e6-9057-9ccc7e1263c1,3d3b8134-9d02-4180-ab51-d6cd236df1e2,2025-03-21,2025-03-21
de521500-2dfe-4711-8527-f83d7154b474,3d3b8134-9d02-4180-ab51-d6cd236df1e2,2025-03-21,2025-03-21
5e6fd9e2-4fa2-4c7f-8983-87d843096351,3d3b8134-9d02-4180-ab51-d6cd236df1e2,2025-03-21,2025-03-21
9aeee0f6-403b-4400-ba50-2764945d31b3,3d3b8134-9d02-4180-ab51-d6cd236df1e2,2025-03-21,2025-03-21
4fc0774c-ea0b-4b19-b5b4-4833a724e510,3d3b8134-9d02-4180-ab51-d6cd236df1e2,2025-03-21,2025-03-21
ac3b9c6e-6387-434f-99cf-74e9d988299a,3d3b8134-9d02-4180-ab51-d6cd236df1e2,2025-03-21,2025-03-21
c0e12ced-966d-4649-9042-83fe03b2446c,3d3b8134-9d02-4180-ab51-d6cd236df1e2,2025-03-21,2025-03-21
6b691fe6-534e-4319-bdb7-4141401846c5,3d3b8134-9d02-4180-ab51-d6cd236df1e2,2025-03-21,2025-03-21
d9475117-d44d-44d2-93b2-afe78778354c,3d3b8134-9d02-4180-ab51-d6cd236df1e2,2025-03-21,2025-03-21
c6a82544-fdea-4877-8121-1a3edcb94e2f,3d3b8134-9d02-4180-ab51-d6cd236df1e2,2025-03-21,2025-03-21
f51caa3b-a013-48ff-831b-1e05fc7bf116,3d3b8134-9d02-4180-ab51-d6cd236df1e2,2025-03-21,2025-03-21
37aa7e0d-e228-4371-bdc2-7fcf1f6a015d,3d3b8134-9d02-4180-ab51-d6cd236df1e2,2025-03-21,2025-03-21
2cf29076-e437-49eb-bbe8-b4cb4486de59,3d3b8134-9d02-4180-ab51-d6cd236df1e2,2025-03-21,2025-03-21
d83daf12-468b-4db1-ac4a-e6138cfb0e00,3d3b8134-9d02-4180-ab51-d6cd236df1e2,2025-03-21,2025-03-21
a415a45f-2ebf-43fe-8a88-ec2a4cd3abcb,3d3b8134-9d02-4180-ab51-d6cd236df1e2,2025-03-21,2025-03-21
cb4d62e7-ad6b-489a-943c-aa2d6474ab17,3d3b8134-9d02-4180-ab51-d6cd236df1e2,2025-03-21,2025-03-21
a2d6e2af-6778-4bcc-8865-113d7865490d,3d3b8134-9d02-4180-ab51-d6cd236df1e2,2025-03-21,2025-03-21
6c5b1252-8d85-4f11-b211-c26dc34f95aa,3d3b8134-9d02-4180-ab51-d6cd236df1e2,2025-03-21,2025-03-21
fe5aff84-a7de-4620-8318-426a0dede8fc,3d3b8134-9d02-4180-ab51-d6cd236df1e2,2025-03-21,2025-03-21
0b3d0010-4cf4-48d3-aef4-2856d65b1db1,3d3b8134-9d02-4180-ab51-d6cd236df1e2,2025-03-21,2025-03-21
c57da782-2bcd-4e44-bf7b-188e99b6ae84,3d3b8134-9d02-4180-ab51-d6cd236df1e2,2025-03-21,2025-03-21
eed7dac4-a655-4e55-b08e-8dd4bd0b08b6,3d3b8134-9d02-4180-ab51-d6cd236df1e2,2025-03-21,2025-03-21
23c2b6bb-3551-42b2-9bc4-79c5afc314cd,3d3b8134-9d02-4180-ab51-d6cd236df1e2,2025-03-21,2025-03-21
e7f177a9-729e-4685-9861-72cb4137cb6d,3d3b8134-9d02-4180-ab51-d6cd236df1e2,2025-03-21,2025-03-21
2a9203d3-7fd3-47b5-8676-957aed7666e8,3d3b8134-9d02-4180-ab51-d6cd236df1e2,2025-03-21,2025-03-21
01356598-5b0c-4d90-a1c6-c817c287f9ec,3d3b8134-9d02-4180-ab51-d6cd236df1e2,2025-03-21,2025-03-21
3452abc9-ae6f-40e4-af4d-1d42162b09a6,3d3b8134-9d02-4180-ab51-d6cd236df1e2,2025-03-21,2025-03-21
c7add1eb-396a-4066-ac50-40c439e687d9,3d3b8134-9d02-4180-ab51-d6cd236df1e2,2025-03-21,2025-03-21
e1f483fa-a683-4c08-aba4-25568a8772dc,3d3b8134-9d02-4180-ab51-d6cd236df1e2,2025-03-21,2025-03-21
fd8e9d35-00fd-4826-8e73-e488c8b49ffb,3d3b8134-9d02-4180-ab51-d6cd236df1e2,2025-03-21,2025-03-21
34815828-6c37-4674-b475-101adbd4b8ce,3d3b8134-9d02-4180-ab51-d6cd236df1e2,2025-03-21,2025-03-21
667f0ca3-64e1-4ec9-b2da-a3345fbc626a,3d3b8134-9d02-4180-ab51-d6cd236df1e2,2025-03-21,2025-03-21
00b3f58e-2b3b-4ed6-9a43-9270929e51a6,3d3b8134-9d02-4180-ab51-d6cd236df1e2,2025-03-21,2025-03-21
66e346ce-0c3e-45e4-9216-a1f9bc69df90,3d3b8134-9d02-4180-ab51-d6cd236df1e2,2025-03-21,2025-03-21